duplicate_group,path
1,src/__init__.py
1,src/common/Variables.py
1,src/common/__init__.py
1,src/aerodynamics/__init__.py
1,src/propulsion/__init__.py
1,src/thermal/__init__.py
1,src/sizing/__init__.py
1,src/tanks/__init__.py
1,src/environment/__init__.py
1,src/trade_offs/__init__.py
1,src/propulsion/engine/__init__.py
1,src/aerodynamics/drag/__init__.py
2,external/pycycle_examples/__init__.py
2,external/pycycle/elements/__init__.py
2,external/pycycle/maps/__init__.py
2,external/pycycle/tests/__init__.py
2,external/pycycle/thermo/__init__.py
2,external/pycycle/thermo/cea/__init__.py
2,external/pycycle/thermo/tabular/__init__.py
2,external/pycycle/thermo/test/__init__.py
2,external/pycycle/thermo/tabular/test/__init__.py
2,external/pycycle/thermo/cea/test/__init__.py
2,external/pycycle/thermo/cea/thermo_data/__init__.py
2,external/pycycle/maps/test/__init__.py
2,external/pycycle/elements/test/__init__.py
3,outputs/figures/section_images/13.png
3,outputs/figures/section_images/14.png
