path,category,size_kb
better_profile.py,misc,107.8
Boom_map.py,environment,22.2
coastal_zones.py,environment,9.6
combined_sizing.py,sizing_structures,75.5
comprehensive_sensitivity_2_panel.png,outputs_figures_reports,199.6
comprehensive_sensitivity_5_panel.png,outputs_figures_reports,265.8
density_velocity_database.csv,data,4081.6
Heat_temps_turbulent.py,thermal_atmosphere,12.8
Hypersonic Drag Estimation 2.0,aerodynamics_drag,5.9
Hypersonic Drag Estimation Alex.py,aerodynamics_drag,7.4
Hypersonic Drag Estimation.py,aerodynamics_drag,2.8
Hypersonicdragpluh.py,aerodynamics_drag,10.2
Improved Merged Drag with Altitude Input,aerodynamics_drag,11.2
Improved Merged Drag with Altitude Input.py,aerodynamics_drag,10.3
Initial_sizing.py,sizing_structures,29.1
Input Altitude Merged Drag.py,aerodynamics_drag,11.0
Input_Alt_Merged_Drag_with_alt.py,aerodynamics_drag,13.2
isa_atmosphere.py,thermal_atmosphere,3.0
mach_fixed_altitude_output.csv,aerodynamics_drag,55.0
Merged Drag to Mach Graph.py,aerodynamics_drag,9.2
Merged Drag to Mach Numerical and Graph with Altitude Input.py,aerodynamics_drag,11.1
Merged Drag to Mach Numerical and Graph.py,aerodynamics_drag,10.6
Merged Drag to Mach.py,aerodynamics_drag,8.9
Mission_Heat_flux_Laminar.py,thermal_atmosphere,11.1
Radii_alt_graphing.py,thermal_atmosphere,6.4
ramjet_multidesign_thrust_maps.npz,propulsion,2.2
ramjet_multidesign_thrust_maps_surrogate.npz,propulsion,4.3
ramjet_revised.py,propulsion,68.1
ramjet_surrogate_calibration_limited_mach_alt.npz,propulsion,2.2
ramjet_thrust_map.npz,propulsion,3.1
README.md,misc,0.0
Reynold Number Calculator.py,thermal_atmosphere,2.0
Sensitivity Study Drag.py,aerodynamics_drag,18.3
sensitivity-study-trade-off.py,trade_offs,2.1
sensitivity_study_results.csv,data,7.1
SHM try.py,sizing_structures,10.8
Subsonic Drag Estimation Alex.py,aerodynamics_drag,6.2
Subsonic Drag estimation.py,aerodynamics_drag,2.4
Supersonic Drag Estimation 2.0.py,aerodynamics_drag,3.9
Supersonic Drag Estimation Alex.py,aerodynamics_drag,4.5
Transonic Drag Estimation.py,aerodynamics_drag,5.0
turbojet_multidesign_thrust_maps.npz,propulsion,4.5
turbojet_pycycle_wrapper.py,propulsion,10.1
turbojet_surrogate_calibration.npz,propulsion,4.6
turbojet_thrust_map.npz,propulsion,2.1
Variables.py,misc,0.0
.idea/DSE.iml,misc,0.2
.idea/misc.xml,misc,0.2
.idea/vcs.xml,misc,0.2
.idea/workspace.xml,misc,11.4
.vscode/settings.json,misc,0.1
Engine/Engine_Cooling.py,propulsion,23.7
Engine/ramjet_01.py,propulsion,63.6
Engine/scramjet_01.py,propulsion,68.1
Engine/turbojet_01.py,propulsion,13.2
example_cycles/afterburning_turbojet.py,external_pycycle_examples,12.2
example_cycles/electric_propulsor.py,external_pycycle_examples,6.1
example_cycles/high_bypass_turbofan.py,external_pycycle_examples,21.5
example_cycles/mixedflow_turbofan.py,external_pycycle_examples,18.3
example_cycles/multi_spool_turboshaft.py,external_pycycle_examples,16.5
example_cycles/simple_turbojet.py,external_pycycle_examples,9.0
example_cycles/single_spool_turboshaft.py,external_pycycle_examples,9.9
example_cycles/tab_thermo_data_generator.py,external_pycycle_examples,6.8
example_cycles/wet_propulsor.py,external_pycycle_examples,6.2
example_cycles/wet_simple_turbojet.py,external_pycycle_examples,8.9
example_cycles/__init__.py,external_pycycle_examples,0.0
figures/adiabatic_temperature.pdf,thermal_atmosphere,20.7
figures/heat_flux.pdf,thermal_atmosphere,25.0
figures/reynolds.pdf,thermal_atmosphere,26.2
figures/stagnation_temperature_vs_altitude.pdf,thermal_atmosphere,22.3
figures/wall_temperature.pdf,thermal_atmosphere,23.7
my_ab_turbojet_out/.openmdao_out,propulsion,0.0
Old_rubbish/benjamin.py,archive_legacy,4.0
Old_rubbish/empirical_drag.py,archive_legacy,13.9
Old_rubbish/Missiondensitiesv.py,archive_legacy,3.7
Old_rubbish/old_combined_m8.py,archive_legacy,34.8
Old_rubbish/optimize_transition_profile.py,archive_legacy,44.8
Old_rubbish/plot_altitude_vs_range.py,archive_legacy,13.6
Old_rubbish/thrust_vs_drag.py,propulsion,198.2
optimize_transition_profile_out/.openmdao_out,misc,0.0
pycycle/api.py,external_pycycle_examples,1.9
pycycle/connect_flow.py,external_pycycle_examples,0.5
pycycle/constants.py,external_pycycle_examples,2.8
pycycle/element_base.py,external_pycycle_examples,2.0
pycycle/flow_in.py,external_pycycle_examples,3.5
pycycle/mp_cycle.py,external_pycycle_examples,11.7
pycycle/passthrough.py,external_pycycle_examples,1.6
pycycle/viewers.py,external_pycycle_examples,16.8
pycycle/__init__.py,external_pycycle_examples,0.0
RegenCooling/.gitignore,propulsion_regen_cooling,1.9
RegenCooling/CEAClass.py,propulsion_regen_cooling,7.3
RegenCooling/FilmCooling.py,propulsion_regen_cooling,4.2
RegenCooling/GenerateMesh.py,propulsion_regen_cooling,2.5
RegenCooling/GeomClass.py,propulsion_regen_cooling,11.2
RegenCooling/install_dependencies.sh,propulsion_regen_cooling,0.5
RegenCooling/IsentropicRelations.py,propulsion_regen_cooling,2.5
RegenCooling/LICENSE,propulsion_regen_cooling,35.0
RegenCooling/MaterialLib.py,propulsion_regen_cooling,6.0
RegenCooling/Output.py,propulsion_regen_cooling,4.7
RegenCooling/PlottingFunctions.py,propulsion_regen_cooling,4.2
RegenCooling/PropLibrary.py,propulsion_regen_cooling,2.2
RegenCooling/README.md,propulsion_regen_cooling,14.2
RegenCooling/RegenCooling.py,propulsion_regen_cooling,14.1
RegenCooling/run.py,propulsion_regen_cooling,1.5
RegenCooling/SectionMesh.py,propulsion_regen_cooling,3.1
RegenCooling/SectionThermalSim.py,propulsion_regen_cooling,12.3
RegenCooling/UnitTests.py,propulsion_regen_cooling,4.0
SectionImages/0.png,outputs_figures_reports,85.9
SectionImages/1.png,outputs_figures_reports,85.2
SectionImages/10.png,outputs_figures_reports,84.7
SectionImages/11.png,outputs_figures_reports,84.7
SectionImages/12.png,outputs_figures_reports,85.0
SectionImages/13.png,outputs_figures_reports,85.3
SectionImages/14.png,outputs_figures_reports,85.3
SectionImages/15.png,outputs_figures_reports,85.4
SectionImages/16.png,outputs_figures_reports,82.3
SectionImages/17.png,outputs_figures_reports,77.9
SectionImages/18.png,outputs_figures_reports,71.4
SectionImages/19.png,outputs_figures_reports,73.6
SectionImages/2.png,outputs_figures_reports,86.1
SectionImages/20.png,outputs_figures_reports,72.3
SectionImages/21.png,outputs_figures_reports,73.1
SectionImages/22.png,outputs_figures_reports,70.9
SectionImages/23.png,outputs_figures_reports,70.6
SectionImages/24.png,outputs_figures_reports,71.4
SectionImages/25.png,outputs_figures_reports,70.2
SectionImages/26.png,outputs_figures_reports,70.6
SectionImages/27.png,outputs_figures_reports,75.2
SectionImages/28.png,outputs_figures_reports,74.0
SectionImages/29.png,outputs_figures_reports,72.3
SectionImages/3.png,outputs_figures_reports,85.8
SectionImages/4.png,outputs_figures_reports,85.7
SectionImages/5.png,outputs_figures_reports,85.2
SectionImages/6.png,outputs_figures_reports,85.7
SectionImages/7.png,outputs_figures_reports,85.2
SectionImages/8.png,outputs_figures_reports,85.1
SectionImages/9.png,outputs_figures_reports,84.5
SectionImages/chamber_contour.png,outputs_figures_reports,95.8
SectionImages/halpha.png,outputs_figures_reports,238.7
SectionImages/heat_flux.png,thermal_atmosphere,174.4
SectionImages/pressure.png,outputs_figures_reports,168.6
SectionImages/reynolds.png,thermal_atmosphere,151.4
SectionImages/sim_data.csv,data,6.0
SectionImages/temperature.png,thermal_atmosphere,225.7
Tanks/CryogenicTanks.py,tanks,32.7
Tanks/Cryo_Optimisation.py,tanks,35.8
Tanks/KeroseneTanks,tanks,5.3
Tanks/__init__.py,tanks,0.0
Trade-offs/engtradeoff.py,trade_offs,5.1
Trade-offs/trade-off-fuselageskin.py,trade_offs,5.1
Trade-offs/trade-off-weight-cockpitskin.py,trade_offs,5.0
Trade-offs/trade-off-weights.py,trade_offs,7.3
turbojet_drag_altitude_sweep_out/.openmdao_out,propulsion,0.0
turbojet_pycycle_wrapper_out/.openmdao_out,propulsion,0.0
__pycache__/better_profile.cpython-312.pyc,misc,116.6
__pycache__/better_profile.cpython-313.pyc,misc,116.2
__pycache__/combined_sizing.cpython-313.pyc,sizing_structures,70.2
__pycache__/empirical_drag.cpython-313.pyc,aerodynamics_drag,15.0
__pycache__/gamma.cpython-314.pyc,misc,12.0
__pycache__/isa_atmosphere.cpython-311.pyc,thermal_atmosphere,3.5
__pycache__/isa_atmosphere.cpython-313.pyc,thermal_atmosphere,3.0
__pycache__/optimize_transition_profile.cpython-313.pyc,misc,48.2
__pycache__/ramjet_revised.cpython-313.pyc,propulsion,80.7
__pycache__/thrust_interpolation.cpython-313.pyc,propulsion,4.8
__pycache__/turbojet_pycycle_wrapper.cpython-312.pyc,propulsion,10.0
__pycache__/turbojet_pycycle_wrapper.cpython-313.pyc,propulsion,9.8
turbojet_pycycle_wrapper_out/reports/inputs.html,propulsion,3373.3
turbojet_pycycle_wrapper_out/reports/n2.html,propulsion,1813.4
turbojet_drag_altitude_sweep_out/reports/inputs.html,propulsion,3373.3
turbojet_drag_altitude_sweep_out/reports/n2.html,propulsion,1813.4
Tanks/__pycache__/CryogenicTanks.cpython-314.pyc,tanks,30.2
pycycle/docs/conf.py,external_pycycle_examples,4.7
pycycle/docs/index.rst,external_pycycle_examples,3.0
pycycle/docs/Makefile,external_pycycle_examples,3.5
pycycle/elements/ambient.py,external_pycycle_examples,1.8
pycycle/elements/bleed_out.py,external_pycycle_examples,7.8
pycycle/elements/cfd_start.py,external_pycycle_examples,3.1
pycycle/elements/combustor.py,external_pycycle_examples,6.3
pycycle/elements/compressor.py,external_pycycle_examples,23.8
pycycle/elements/compressor_map.py,external_pycycle_examples,13.9
pycycle/elements/cooling.py,external_pycycle_examples,15.7
pycycle/elements/duct.py,external_pycycle_examples,9.8
pycycle/elements/flight_conditions.py,external_pycycle_examples,5.8
pycycle/elements/flow_start.py,external_pycycle_examples,3.5
pycycle/elements/gearbox.py,external_pycycle_examples,4.6
pycycle/elements/inlet.py,external_pycycle_examples,7.5
pycycle/elements/mixer.py,external_pycycle_examples,13.7
pycycle/elements/nozzle.py,external_pycycle_examples,21.1
pycycle/elements/performance.py,external_pycycle_examples,4.7
pycycle/elements/shaft.py,external_pycycle_examples,4.9
pycycle/elements/splitter.py,external_pycycle_examples,8.3
pycycle/elements/turbine.py,external_pycycle_examples,26.3
pycycle/elements/turbine_map.py,external_pycycle_examples,8.6
pycycle/elements/US1976.py,external_pycycle_examples,8.4
pycycle/elements/__init__.py,external_pycycle_examples,0.0
pycycle/maps/axi3_2.py,external_pycycle_examples,8.3
pycycle/maps/axi5.py,external_pycycle_examples,9.2
pycycle/maps/Fan_map.py,external_pycycle_examples,9.4
pycycle/maps/HPC_map.py,external_pycycle_examples,9.4
pycycle/maps/hpt1269.py,external_pycycle_examples,5.8
pycycle/maps/HPT_map.py,external_pycycle_examples,5.8
pycycle/maps/LPC_map.py,external_pycycle_examples,9.0
pycycle/maps/lpt2269.py,external_pycycle_examples,7.2
pycycle/maps/LPT_map.py,external_pycycle_examples,6.5
pycycle/maps/map_data.py,external_pycycle_examples,0.1
pycycle/maps/ncp01.py,external_pycycle_examples,9.5
pycycle/maps/__init__.py,external_pycycle_examples,0.0
pycycle/tests/test_element.py,external_pycycle_examples,0.0
pycycle/tests/__init__.py,external_pycycle_examples,0.0
pycycle/thermo/static_ps_calc.py,external_pycycle_examples,3.1
pycycle/thermo/static_ps_resid.py,external_pycycle_examples,11.2
pycycle/thermo/thermo.py,external_pycycle_examples,10.8
pycycle/thermo/unit_comps.py,external_pycycle_examples,3.6
pycycle/thermo/__init__.py,external_pycycle_examples,0.0
pycycle/__pycache__/api.cpython-312.pyc,external_pycycle_examples,2.6
pycycle/__pycache__/api.cpython-313.pyc,external_pycycle_examples,2.6
pycycle/__pycache__/connect_flow.cpython-312.pyc,external_pycycle_examples,0.8
pycycle/__pycache__/connect_flow.cpython-313.pyc,external_pycycle_examples,0.8
pycycle/__pycache__/constants.cpython-312.pyc,external_pycycle_examples,3.2
pycycle/__pycache__/constants.cpython-313.pyc,external_pycycle_examples,3.3
pycycle/__pycache__/element_base.cpython-312.pyc,external_pycycle_examples,2.8
pycycle/__pycache__/element_base.cpython-313.pyc,external_pycycle_examples,2.9
pycycle/__pycache__/flow_in.cpython-312.pyc,external_pycycle_examples,4.4
pycycle/__pycache__/flow_in.cpython-313.pyc,external_pycycle_examples,4.2
pycycle/__pycache__/mp_cycle.cpython-312.pyc,external_pycycle_examples,12.3
pycycle/__pycache__/mp_cycle.cpython-313.pyc,external_pycycle_examples,12.4
pycycle/__pycache__/passthrough.cpython-312.pyc,external_pycycle_examples,3.3
pycycle/__pycache__/passthrough.cpython-313.pyc,external_pycycle_examples,3.3
pycycle/__pycache__/viewers.cpython-312.pyc,external_pycycle_examples,21.3
pycycle/__pycache__/viewers.cpython-313.pyc,external_pycycle_examples,20.4
pycycle/__pycache__/__init__.cpython-312.pyc,external_pycycle_examples,0.2
pycycle/__pycache__/__init__.cpython-313.pyc,external_pycycle_examples,0.2
pycycle/__pycache__/__init__.cpython-314.pyc,external_pycycle_examples,0.2
pycycle/thermo/cea/chem_eq.py,external_pycycle_examples,11.5
pycycle/thermo/cea/props_calcs.py,external_pycycle_examples,9.5
pycycle/thermo/cea/props_rhs.py,external_pycycle_examples,6.3
pycycle/thermo/cea/species_data.py,external_pycycle_examples,7.4
pycycle/thermo/cea/thermo_add.py,external_pycycle_examples,7.7
pycycle/thermo/cea/__init__.py,external_pycycle_examples,0.0
pycycle/thermo/tabular/air_jetA.pkl,external_pycycle_examples,12033.6
pycycle/thermo/tabular/air_jetA_coarse.pkl,external_pycycle_examples,493.3
pycycle/thermo/tabular/tabular_thermo.py,external_pycycle_examples,2.2
pycycle/thermo/tabular/tab_cea_comparison.py,external_pycycle_examples,1.8
pycycle/thermo/tabular/thermo_add.py,external_pycycle_examples,5.3
pycycle/thermo/tabular/__init__.py,external_pycycle_examples,0.0
pycycle/thermo/test/NPSS_Static_CEA_Data.csv,external_pycycle_examples,1.0
pycycle/thermo/test/test_thermo_total_static_cea.py,external_pycycle_examples,11.9
pycycle/thermo/test/test_thermo_total_static_tabulated.py,external_pycycle_examples,9.4
pycycle/thermo/test/__init__.py,external_pycycle_examples,0.0
pycycle/thermo/__pycache__/static_ps_calc.cpython-312.pyc,external_pycycle_examples,4.3
pycycle/thermo/__pycache__/static_ps_calc.cpython-313.pyc,external_pycycle_examples,4.3
pycycle/thermo/__pycache__/static_ps_resid.cpython-312.pyc,external_pycycle_examples,12.6
pycycle/thermo/__pycache__/static_ps_resid.cpython-313.pyc,external_pycycle_examples,12.4
pycycle/thermo/__pycache__/thermo.cpython-312.pyc,external_pycycle_examples,9.0
pycycle/thermo/__pycache__/thermo.cpython-313.pyc,external_pycycle_examples,9.0
pycycle/thermo/__pycache__/unit_comps.cpython-312.pyc,external_pycycle_examples,6.0
pycycle/thermo/__pycache__/unit_comps.cpython-313.pyc,external_pycycle_examples,6.0
pycycle/thermo/__pycache__/__init__.cpython-312.pyc,external_pycycle_examples,0.2
pycycle/thermo/__pycache__/__init__.cpython-313.pyc,external_pycycle_examples,0.2
pycycle/thermo/__pycache__/__init__.cpython-314.pyc,external_pycycle_examples,0.2
pycycle/thermo/test/__pycache__/test_thermo_total_static_cea.cpython-312-pytest-9.0.2.pyc,external_pycycle_examples,15.7
pycycle/thermo/test/__pycache__/test_thermo_total_static_cea.cpython-314-pytest-9.0.2.pyc,external_pycycle_examples,16.2
pycycle/thermo/test/__pycache__/test_thermo_total_static_tabulated.cpython-312-pytest-9.0.2.pyc,external_pycycle_examples,12.8
pycycle/thermo/test/__pycache__/test_thermo_total_static_tabulated.cpython-314-pytest-9.0.2.pyc,external_pycycle_examples,13.2
pycycle/thermo/test/__pycache__/__init__.cpython-312.pyc,external_pycycle_examples,0.2
pycycle/thermo/test/__pycache__/__init__.cpython-314.pyc,external_pycycle_examples,0.2
pycycle/thermo/tabular/test/test_tab_thermo.py,external_pycycle_examples,1.1
pycycle/thermo/tabular/test/test_thermo_add.py,external_pycycle_examples,8.3
pycycle/thermo/tabular/test/__init__.py,external_pycycle_examples,0.0
pycycle/thermo/tabular/__pycache__/tabular_thermo.cpython-312.pyc,external_pycycle_examples,3.1
pycycle/thermo/tabular/__pycache__/tabular_thermo.cpython-313.pyc,external_pycycle_examples,3.1
pycycle/thermo/tabular/__pycache__/thermo_add.cpython-312.pyc,external_pycycle_examples,6.0
pycycle/thermo/tabular/__pycache__/thermo_add.cpython-313.pyc,external_pycycle_examples,5.9
pycycle/thermo/tabular/__pycache__/__init__.cpython-312.pyc,external_pycycle_examples,0.2
pycycle/thermo/tabular/__pycache__/__init__.cpython-313.pyc,external_pycycle_examples,0.2
pycycle/thermo/tabular/__pycache__/__init__.cpython-314.pyc,external_pycycle_examples,0.2
pycycle/thermo/tabular/test/__pycache__/test_tab_thermo.cpython-312-pytest-9.0.2.pyc,external_pycycle_examples,2.1
pycycle/thermo/tabular/test/__pycache__/test_tab_thermo.cpython-314-pytest-9.0.2.pyc,external_pycycle_examples,2.2
pycycle/thermo/tabular/test/__pycache__/test_thermo_add.cpython-312-pytest-9.0.2.pyc,external_pycycle_examples,9.6
pycycle/thermo/tabular/test/__pycache__/test_thermo_add.cpython-314-pytest-9.0.2.pyc,external_pycycle_examples,10.8
pycycle/thermo/tabular/test/__pycache__/__init__.cpython-312.pyc,external_pycycle_examples,0.2
pycycle/thermo/tabular/test/__pycache__/__init__.cpython-314.pyc,external_pycycle_examples,0.2
pycycle/thermo/cea/test/test_chem_eq_co2.py,external_pycycle_examples,1.0
pycycle/thermo/cea/test/test_chem_eq_janaf.py,external_pycycle_examples,1.3
pycycle/thermo/cea/test/test_props_rhs_co2.py,external_pycycle_examples,3.6
pycycle/thermo/cea/test/test_species_data.py,external_pycycle_examples,6.0
pycycle/thermo/cea/test/test_thermo_add_cea.py,external_pycycle_examples,7.0
pycycle/thermo/cea/test/__init__.py,external_pycycle_examples,0.0
pycycle/thermo/cea/thermo_data/co2_co_o2.py,external_pycycle_examples,2.6
pycycle/thermo/cea/thermo_data/janaf.py,external_pycycle_examples,14.5
pycycle/thermo/cea/thermo_data/wet_air.py,external_pycycle_examples,0.3
pycycle/thermo/cea/thermo_data/__init__.py,external_pycycle_examples,0.0
pycycle/thermo/cea/__pycache__/chem_eq.cpython-312.pyc,external_pycycle_examples,14.3
pycycle/thermo/cea/__pycache__/chem_eq.cpython-313.pyc,external_pycycle_examples,14.4
pycycle/thermo/cea/__pycache__/props_calcs.cpython-312.pyc,external_pycycle_examples,13.1
pycycle/thermo/cea/__pycache__/props_calcs.cpython-313.pyc,external_pycycle_examples,13.0
pycycle/thermo/cea/__pycache__/props_rhs.cpython-312.pyc,external_pycycle_examples,8.7
pycycle/thermo/cea/__pycache__/props_rhs.cpython-313.pyc,external_pycycle_examples,8.6
pycycle/thermo/cea/__pycache__/species_data.cpython-312.pyc,external_pycycle_examples,11.1
pycycle/thermo/cea/__pycache__/species_data.cpython-313.pyc,external_pycycle_examples,11.2
pycycle/thermo/cea/__pycache__/thermo_add.cpython-312.pyc,external_pycycle_examples,8.6
pycycle/thermo/cea/__pycache__/thermo_add.cpython-313.pyc,external_pycycle_examples,8.4
pycycle/thermo/cea/__pycache__/__init__.cpython-312.pyc,external_pycycle_examples,0.2
pycycle/thermo/cea/__pycache__/__init__.cpython-313.pyc,external_pycycle_examples,0.2
pycycle/thermo/cea/__pycache__/__init__.cpython-314.pyc,external_pycycle_examples,0.2
pycycle/thermo/cea/thermo_data/__pycache__/co2_co_o2.cpython-312.pyc,external_pycycle_examples,1.7
pycycle/thermo/cea/thermo_data/__pycache__/co2_co_o2.cpython-313.pyc,external_pycycle_examples,1.7
pycycle/thermo/cea/thermo_data/__pycache__/janaf.cpython-312.pyc,external_pycycle_examples,7.0
pycycle/thermo/cea/thermo_data/__pycache__/janaf.cpython-313.pyc,external_pycycle_examples,7.0
pycycle/thermo/cea/thermo_data/__pycache__/wet_air.cpython-312.pyc,external_pycycle_examples,0.7
pycycle/thermo/cea/thermo_data/__pycache__/wet_air.cpython-313.pyc,external_pycycle_examples,0.7
pycycle/thermo/cea/thermo_data/__pycache__/__init__.cpython-312.pyc,external_pycycle_examples,0.2
pycycle/thermo/cea/thermo_data/__pycache__/__init__.cpython-313.pyc,external_pycycle_examples,0.2
pycycle/thermo/cea/test/__pycache__/test_chem_eq_co2.cpython-312-pytest-9.0.2.pyc,external_pycycle_examples,2.2
pycycle/thermo/cea/test/__pycache__/test_chem_eq_co2.cpython-314-pytest-9.0.2.pyc,external_pycycle_examples,2.4
pycycle/thermo/cea/test/__pycache__/test_chem_eq_janaf.cpython-312-pytest-9.0.2.pyc,external_pycycle_examples,2.5
pycycle/thermo/cea/test/__pycache__/test_chem_eq_janaf.cpython-314-pytest-9.0.2.pyc,external_pycycle_examples,2.6
pycycle/thermo/cea/test/__pycache__/test_props_rhs_co2.cpython-312-pytest-9.0.2.pyc,external_pycycle_examples,6.0
pycycle/thermo/cea/test/__pycache__/test_props_rhs_co2.cpython-314-pytest-9.0.2.pyc,external_pycycle_examples,6.3
pycycle/thermo/cea/test/__pycache__/test_species_data.cpython-312-pytest-9.0.2.pyc,external_pycycle_examples,8.1
pycycle/thermo/cea/test/__pycache__/test_species_data.cpython-314-pytest-9.0.2.pyc,external_pycycle_examples,8.3
pycycle/thermo/cea/test/__pycache__/test_thermo_add_cea.cpython-312-pytest-9.0.2.pyc,external_pycycle_examples,7.5
pycycle/thermo/cea/test/__pycache__/test_thermo_add_cea.cpython-314-pytest-9.0.2.pyc,external_pycycle_examples,7.8
pycycle/thermo/cea/test/__pycache__/__init__.cpython-312.pyc,external_pycycle_examples,0.2
pycycle/thermo/cea/test/__pycache__/__init__.cpython-314.pyc,external_pycycle_examples,0.2
pycycle/tests/__pycache__/test_element.cpython-312-pytest-9.0.2.pyc,external_pycycle_examples,0.3
pycycle/tests/__pycache__/test_element.cpython-314-pytest-9.0.2.pyc,external_pycycle_examples,0.3
pycycle/tests/__pycache__/__init__.cpython-312.pyc,external_pycycle_examples,0.2
pycycle/tests/__pycache__/__init__.cpython-314.pyc,external_pycycle_examples,0.2
pycycle/maps/test/__init__.py,external_pycycle_examples,0.0
pycycle/maps/__pycache__/axi3_2.cpython-312.pyc,external_pycycle_examples,7.2
pycycle/maps/__pycache__/axi3_2.cpython-313.pyc,external_pycycle_examples,7.2
pycycle/maps/__pycache__/axi5.cpython-312.pyc,external_pycycle_examples,7.2
pycycle/maps/__pycache__/axi5.cpython-313.pyc,external_pycycle_examples,7.2
pycycle/maps/__pycache__/Fan_map.cpython-312.pyc,external_pycycle_examples,7.2
pycycle/maps/__pycache__/Fan_map.cpython-313.pyc,external_pycycle_examples,7.2
pycycle/maps/__pycache__/HPC_map.cpython-312.pyc,external_pycycle_examples,10.2
pycycle/maps/__pycache__/HPC_map.cpython-313.pyc,external_pycycle_examples,10.2
pycycle/maps/__pycache__/hpt1269.cpython-312.pyc,external_pycycle_examples,4.3
pycycle/maps/__pycache__/hpt1269.cpython-313.pyc,external_pycycle_examples,4.3
pycycle/maps/__pycache__/HPT_map.cpython-312.pyc,external_pycycle_examples,6.2
pycycle/maps/__pycache__/HPT_map.cpython-313.pyc,external_pycycle_examples,6.2
pycycle/maps/__pycache__/LPC_map.cpython-312.pyc,external_pycycle_examples,7.3
pycycle/maps/__pycache__/LPC_map.cpython-313.pyc,external_pycycle_examples,7.3
pycycle/maps/__pycache__/lpt2269.cpython-312.pyc,external_pycycle_examples,4.7
pycycle/maps/__pycache__/lpt2269.cpython-313.pyc,external_pycycle_examples,4.7
pycycle/maps/__pycache__/LPT_map.cpython-312.pyc,external_pycycle_examples,7.2
pycycle/maps/__pycache__/LPT_map.cpython-313.pyc,external_pycycle_examples,7.1
pycycle/maps/__pycache__/map_data.cpython-312.pyc,external_pycycle_examples,0.3
pycycle/maps/__pycache__/map_data.cpython-313.pyc,external_pycycle_examples,0.4
pycycle/maps/__pycache__/ncp01.cpython-312.pyc,external_pycycle_examples,6.5
pycycle/maps/__pycache__/ncp01.cpython-313.pyc,external_pycycle_examples,6.5
pycycle/maps/__pycache__/__init__.cpython-312.pyc,external_pycycle_examples,0.2
pycycle/maps/__pycache__/__init__.cpython-313.pyc,external_pycycle_examples,0.2
pycycle/elements/test/test_ambient.py,external_pycycle_examples,1.9
pycycle/elements/test/test_bleed_out.py,external_pycycle_examples,2.5
pycycle/elements/test/test_cfd_start.py,external_pycycle_examples,1.1
pycycle/elements/test/test_combustor.py,external_pycycle_examples,4.9
pycycle/elements/test/test_compressor.py,external_pycycle_examples,4.8
pycycle/elements/test/test_compressor_map.py,external_pycycle_examples,5.3
pycycle/elements/test/test_compressor_od.py,external_pycycle_examples,8.3
pycycle/elements/test/test_cooling.py,external_pycycle_examples,15.3
pycycle/elements/test/test_duct.py,external_pycycle_examples,6.8
pycycle/elements/test/test_flightconditions.py,external_pycycle_examples,2.5
pycycle/elements/test/test_flow_start.py,external_pycycle_examples,9.0
pycycle/elements/test/test_inlet.py,external_pycycle_examples,4.8
pycycle/elements/test/test_mixer.py,external_pycycle_examples,4.5
pycycle/elements/test/test_nozzle.py,external_pycycle_examples,3.4
pycycle/elements/test/test_nozzle_CV_CD.py,external_pycycle_examples,6.6
pycycle/elements/test/test_shaft.py,external_pycycle_examples,2.9
pycycle/elements/test/test_splitter.py,external_pycycle_examples,4.2
pycycle/elements/test/test_turbine.py,external_pycycle_examples,6.0
pycycle/elements/test/test_turbine_map.py,external_pycycle_examples,7.2
pycycle/elements/test/test_turbine_od.py,external_pycycle_examples,6.9
pycycle/elements/test/test_usatm1976.py,external_pycycle_examples,0.6
pycycle/elements/test/__init__.py,external_pycycle_examples,0.0
pycycle/elements/__pycache__/ambient.cpython-312.pyc,external_pycycle_examples,3.2
pycycle/elements/__pycache__/ambient.cpython-313.pyc,external_pycycle_examples,3.3
pycycle/elements/__pycache__/bleed_out.cpython-312.pyc,external_pycycle_examples,8.9
pycycle/elements/__pycache__/bleed_out.cpython-313.pyc,external_pycycle_examples,8.7
pycycle/elements/__pycache__/cfd_start.cpython-312.pyc,external_pycycle_examples,4.5
pycycle/elements/__pycache__/cfd_start.cpython-313.pyc,external_pycycle_examples,4.5
pycycle/elements/__pycache__/combustor.cpython-312.pyc,external_pycycle_examples,6.8
pycycle/elements/__pycache__/combustor.cpython-313.pyc,external_pycycle_examples,6.6
pycycle/elements/__pycache__/compressor.cpython-312.pyc,external_pycycle_examples,25.0
pycycle/elements/__pycache__/compressor.cpython-313.pyc,external_pycycle_examples,24.5
pycycle/elements/__pycache__/compressor_map.cpython-312.pyc,external_pycycle_examples,14.7
pycycle/elements/__pycache__/compressor_map.cpython-313.pyc,external_pycycle_examples,14.5
pycycle/elements/__pycache__/cooling.cpython-312.pyc,external_pycycle_examples,17.5
pycycle/elements/__pycache__/cooling.cpython-313.pyc,external_pycycle_examples,17.3
pycycle/elements/__pycache__/duct.cpython-312.pyc,external_pycycle_examples,10.9
pycycle/elements/__pycache__/duct.cpython-313.pyc,external_pycycle_examples,10.7
pycycle/elements/__pycache__/flight_conditions.cpython-312.pyc,external_pycycle_examples,7.1
pycycle/elements/__pycache__/flight_conditions.cpython-313.pyc,external_pycycle_examples,7.1
pycycle/elements/__pycache__/flow_start.cpython-312.pyc,external_pycycle_examples,3.9
pycycle/elements/__pycache__/flow_start.cpython-313.pyc,external_pycycle_examples,3.9
pycycle/elements/__pycache__/gearbox.cpython-312.pyc,external_pycycle_examples,5.9
pycycle/elements/__pycache__/gearbox.cpython-313.pyc,external_pycycle_examples,5.8
pycycle/elements/__pycache__/inlet.cpython-312.pyc,external_pycycle_examples,8.1
pycycle/elements/__pycache__/inlet.cpython-313.pyc,external_pycycle_examples,8.0
pycycle/elements/__pycache__/mixer.cpython-312.pyc,external_pycycle_examples,13.7
pycycle/elements/__pycache__/mixer.cpython-313.pyc,external_pycycle_examples,13.5
pycycle/elements/__pycache__/nozzle.cpython-312.pyc,external_pycycle_examples,22.4
pycycle/elements/__pycache__/nozzle.cpython-313.pyc,external_pycycle_examples,22.2
pycycle/elements/__pycache__/performance.cpython-312.pyc,external_pycycle_examples,6.3
pycycle/elements/__pycache__/performance.cpython-313.pyc,external_pycycle_examples,6.2
pycycle/elements/__pycache__/shaft.cpython-312.pyc,external_pycycle_examples,6.2
pycycle/elements/__pycache__/shaft.cpython-313.pyc,external_pycycle_examples,6.1
pycycle/elements/__pycache__/splitter.cpython-312.pyc,external_pycycle_examples,8.0
pycycle/elements/__pycache__/splitter.cpython-313.pyc,external_pycycle_examples,7.9
pycycle/elements/__pycache__/turbine.cpython-312.pyc,external_pycycle_examples,26.1
pycycle/elements/__pycache__/turbine.cpython-313.pyc,external_pycycle_examples,25.5
pycycle/elements/__pycache__/turbine_map.cpython-312.pyc,external_pycycle_examples,10.6
pycycle/elements/__pycache__/turbine_map.cpython-313.pyc,external_pycycle_examples,10.5
pycycle/elements/__pycache__/US1976.cpython-312.pyc,external_pycycle_examples,8.5
pycycle/elements/__pycache__/US1976.cpython-313.pyc,external_pycycle_examples,8.5
pycycle/elements/__pycache__/__init__.cpython-312.pyc,external_pycycle_examples,0.2
pycycle/elements/__pycache__/__init__.cpython-313.pyc,external_pycycle_examples,0.2
pycycle/elements/__pycache__/__init__.cpython-314.pyc,external_pycycle_examples,0.2
pycycle/elements/test/reg_data/ambient.csv,external_pycycle_examples,0.4
pycycle/elements/test/reg_data/combustorJP7.csv,external_pycycle_examples,0.7
pycycle/elements/test/reg_data/compressor.csv,external_pycycle_examples,1.4
pycycle/elements/test/reg_data/compressorOD1.csv,external_pycycle_examples,3.7
pycycle/elements/test/reg_data/duct.csv,external_pycycle_examples,1.6
pycycle/elements/test/reg_data/flowstart.csv,external_pycycle_examples,1.0
pycycle/elements/test/reg_data/inlet.csv,external_pycycle_examples,0.9
pycycle/elements/test/reg_data/nozzle.csv,external_pycycle_examples,1.1
pycycle/elements/test/reg_data/nozzleCD.csv,external_pycycle_examples,6.7
pycycle/elements/test/reg_data/nozzleCD_CV.csv,external_pycycle_examples,6.7
pycycle/elements/test/reg_data/nozzleCD_CV__Cfg.csv,external_pycycle_examples,6.6
pycycle/elements/test/reg_data/nozzleCD__Cfg.csv,external_pycycle_examples,6.5
pycycle/elements/test/reg_data/nozzleCV.csv,external_pycycle_examples,6.6
pycycle/elements/test/reg_data/nozzleCV__Cfg.csv,external_pycycle_examples,6.5
pycycle/elements/test/reg_data/shaft.csv,external_pycycle_examples,0.6
pycycle/elements/test/reg_data/splitter.csv,external_pycycle_examples,1.7
pycycle/elements/test/reg_data/turbine.csv,external_pycycle_examples,1.0
pycycle/elements/test/reg_data/turbineOD1.csv,external_pycycle_examples,2.8
pycycle/elements/test/__pycache__/test_ambient.cpython-312-pytest-9.0.2.pyc,external_pycycle_examples,3.6
pycycle/elements/test/__pycache__/test_ambient.cpython-314-pytest-9.0.2.pyc,external_pycycle_examples,3.8
pycycle/elements/test/__pycache__/test_bleed_out.cpython-312-pytest-9.0.2.pyc,external_pycycle_examples,4.1
pycycle/elements/test/__pycache__/test_bleed_out.cpython-314-pytest-9.0.2.pyc,external_pycycle_examples,4.3
pycycle/elements/test/__pycache__/test_cfd_start.cpython-312-pytest-9.0.2.pyc,external_pycycle_examples,2.3
pycycle/elements/test/__pycache__/test_cfd_start.cpython-314-pytest-9.0.2.pyc,external_pycycle_examples,2.4
pycycle/elements/test/__pycache__/test_combustor.cpython-312-pytest-9.0.2.pyc,external_pycycle_examples,5.7
pycycle/elements/test/__pycache__/test_combustor.cpython-314-pytest-9.0.2.pyc,external_pycycle_examples,6.0
pycycle/elements/test/__pycache__/test_compressor.cpython-312-pytest-9.0.2.pyc,external_pycycle_examples,6.7
pycycle/elements/test/__pycache__/test_compressor.cpython-314-pytest-9.0.2.pyc,external_pycycle_examples,7.1
pycycle/elements/test/__pycache__/test_compressor_map.cpython-312-pytest-9.0.2.pyc,external_pycycle_examples,7.3
pycycle/elements/test/__pycache__/test_compressor_map.cpython-314-pytest-9.0.2.pyc,external_pycycle_examples,8.4
pycycle/elements/test/__pycache__/test_compressor_od.cpython-312-pytest-9.0.2.pyc,external_pycycle_examples,9.6
pycycle/elements/test/__pycache__/test_compressor_od.cpython-314-pytest-9.0.2.pyc,external_pycycle_examples,10.6
pycycle/elements/test/__pycache__/test_cooling.cpython-312-pytest-9.0.2.pyc,external_pycycle_examples,16.4
pycycle/elements/test/__pycache__/test_cooling.cpython-314-pytest-9.0.2.pyc,external_pycycle_examples,16.6
pycycle/elements/test/__pycache__/test_duct.cpython-312-pytest-9.0.2.pyc,external_pycycle_examples,9.4
pycycle/elements/test/__pycache__/test_duct.cpython-314-pytest-9.0.2.pyc,external_pycycle_examples,9.9
pycycle/elements/test/__pycache__/test_flightconditions.cpython-312-pytest-9.0.2.pyc,external_pycycle_examples,4.2
pycycle/elements/test/__pycache__/test_flightconditions.cpython-314-pytest-9.0.2.pyc,external_pycycle_examples,4.4
pycycle/elements/test/__pycache__/test_flow_start.cpython-312-pytest-9.0.2.pyc,external_pycycle_examples,10.9
pycycle/elements/test/__pycache__/test_flow_start.cpython-314-pytest-9.0.2.pyc,external_pycycle_examples,11.7
pycycle/elements/test/__pycache__/test_inlet.cpython-312-pytest-9.0.2.pyc,external_pycycle_examples,6.8
pycycle/elements/test/__pycache__/test_inlet.cpython-314-pytest-9.0.2.pyc,external_pycycle_examples,7.2
pycycle/elements/test/__pycache__/test_mixer.cpython-312-pytest-9.0.2.pyc,external_pycycle_examples,6.5
pycycle/elements/test/__pycache__/test_mixer.cpython-314-pytest-9.0.2.pyc,external_pycycle_examples,6.6
pycycle/elements/test/__pycache__/test_nozzle.cpython-312-pytest-9.0.2.pyc,external_pycycle_examples,5.1
pycycle/elements/test/__pycache__/test_nozzle.cpython-314-pytest-9.0.2.pyc,external_pycycle_examples,5.4
pycycle/elements/test/__pycache__/test_nozzle_CV_CD.cpython-312-pytest-9.0.2.pyc,external_pycycle_examples,9.5
pycycle/elements/test/__pycache__/test_nozzle_CV_CD.cpython-314-pytest-9.0.2.pyc,external_pycycle_examples,10.3
pycycle/elements/test/__pycache__/test_shaft.cpython-312-pytest-9.0.2.pyc,external_pycycle_examples,4.7
pycycle/elements/test/__pycache__/test_shaft.cpython-314-pytest-9.0.2.pyc,external_pycycle_examples,5.0
pycycle/elements/test/__pycache__/test_splitter.cpython-312-pytest-9.0.2.pyc,external_pycycle_examples,5.9
pycycle/elements/test/__pycache__/test_splitter.cpython-314-pytest-9.0.2.pyc,external_pycycle_examples,6.7
pycycle/elements/test/__pycache__/test_turbine.cpython-312-pytest-9.0.2.pyc,external_pycycle_examples,8.7
pycycle/elements/test/__pycache__/test_turbine.cpython-314-pytest-9.0.2.pyc,external_pycycle_examples,9.3
pycycle/elements/test/__pycache__/test_turbine_map.cpython-312-pytest-9.0.2.pyc,external_pycycle_examples,9.8
pycycle/elements/test/__pycache__/test_turbine_map.cpython-314-pytest-9.0.2.pyc,external_pycycle_examples,11.3
pycycle/elements/test/__pycache__/test_turbine_od.cpython-312-pytest-9.0.2.pyc,external_pycycle_examples,9.2
pycycle/elements/test/__pycache__/test_turbine_od.cpython-314-pytest-9.0.2.pyc,external_pycycle_examples,10.7
pycycle/elements/test/__pycache__/test_usatm1976.cpython-312-pytest-9.0.2.pyc,external_pycycle_examples,1.4
pycycle/elements/test/__pycache__/test_usatm1976.cpython-314-pytest-9.0.2.pyc,external_pycycle_examples,1.5
pycycle/elements/test/__pycache__/__init__.cpython-312.pyc,external_pycycle_examples,0.2
pycycle/elements/test/__pycache__/__init__.cpython-314.pyc,external_pycycle_examples,0.2
pycycle/docs/examples/index.rst,external_pycycle_examples,0.2
pycycle/docs/reference_guide/viewers.rst,external_pycycle_examples,0.0
pycycle/docs/tutorials/index.rst,external_pycycle_examples,0.1
pycycle/docs/tutorials/turbofan.rst,external_pycycle_examples,0.3
pycycle/docs/tutorials/turbojet.rst,external_pycycle_examples,3.5
pycycle/docs/_theme/search.html,external_pycycle_examples,2.0
pycycle/docs/_theme/theme.conf,external_pycycle_examples,0.1
pycycle/docs/_theme/static/searchtools.js,external_pycycle_examples,21.3
pycycle/docs/_theme/static/style.css,external_pycycle_examples,3.4
pycycle/docs/tutorials/images/turbojet_elements.pdf,external_pycycle_examples,13.8
pycycle/docs/tutorials/images/turbojet_elements.png,external_pycycle_examples,30.4
pycycle/docs/tutorials/images/turbojet_elements.tex,external_pycycle_examples,1.8
pycycle/docs/reference_guide/elements/index.rst,external_pycycle_examples,0.3
pycycle/docs/reference_guide/maps/index.rst,external_pycycle_examples,0.1
optimize_transition_profile_out/reports/inputs.html,outputs_figures_reports,3373.2
optimize_transition_profile_out/reports/n2.html,outputs_figures_reports,1813.4
Old_rubbish/__pycache__/empirical_drag.cpython-313.pyc,archive_legacy,15.0
my_ab_turbojet_out/reports/inputs.html,propulsion,3373.0
my_ab_turbojet_out/reports/n2.html,propulsion,1812.8
example_cycles/N+3ref/benchmark_N3ref.py,external_pycycle_examples,6.7
example_cycles/N+3ref/benchmark_N3_MDP.py,external_pycycle_examples,6.6
example_cycles/N+3ref/benchmark_N3_MDP_Opt.py,external_pycycle_examples,6.7
example_cycles/N+3ref/benchmark_N3_MDP_verif.py,external_pycycle_examples,6.8
example_cycles/N+3ref/benchmark_N3_SPD.py,external_pycycle_examples,6.8
example_cycles/N+3ref/N3ref.py,external_pycycle_examples,29.0
example_cycles/N+3ref/N3_Fan_map.py,external_pycycle_examples,7.7
example_cycles/N+3ref/N3_HPC_map.py,external_pycycle_examples,9.6
example_cycles/N+3ref/N3_HPT_map.py,external_pycycle_examples,5.5
example_cycles/N+3ref/N3_LPC_map.py,external_pycycle_examples,8.5
example_cycles/N+3ref/N3_LPT_map.py,external_pycycle_examples,6.4
example_cycles/N+3ref/N3_MDP.py,external_pycycle_examples,5.1
example_cycles/N+3ref/N3_MDP_Opt.py,external_pycycle_examples,5.1
example_cycles/N+3ref/N3_MDP_verif.py,external_pycycle_examples,5.0
example_cycles/N+3ref/N3_SPD.py,external_pycycle_examples,4.3
example_cycles/N+3ref/small_core_eff_balance.py,external_pycycle_examples,3.6
example_cycles/tests/benchmark_ab_turbojet.py,external_pycycle_examples,17.1
example_cycles/tests/benchmark_electric_propulsor.py,external_pycycle_examples,2.2
example_cycles/tests/benchmark_hbtf.py,external_pycycle_examples,7.2
example_cycles/tests/benchmark_mixedflow_turbofan.py,external_pycycle_examples,4.5
example_cycles/tests/benchmark_multi_spool_turboshaft.py,external_pycycle_examples,5.7
example_cycles/tests/benchmark_simple_turbojet.py,external_pycycle_examples,4.4
example_cycles/tests/benchmark_single_spool_turboshaft.py,external_pycycle_examples,4.6
example_cycles/tests/benchmark_wet_propulsor.py,external_pycycle_examples,2.0
example_cycles/tests/benchmark_wet_simple_turbojet.py,external_pycycle_examples,2.4
example_cycles/tests/test_all_examples.py,external_pycycle_examples,3.8
example_cycles/__pycache__/afterburning_turbojet.cpython-312.pyc,external_pycycle_examples,16.4
example_cycles/__pycache__/afterburning_turbojet.cpython-313.pyc,external_pycycle_examples,16.2
example_cycles/__pycache__/__init__.cpython-312.pyc,external_pycycle_examples,0.2
example_cycles/__pycache__/__init__.cpython-313.pyc,external_pycycle_examples,0.2
example_cycles/tests/__pycache__/test_all_examples.cpython-312-pytest-9.0.2.pyc,external_pycycle_examples,5.6
example_cycles/tests/__pycache__/test_all_examples.cpython-314-pytest-9.0.2.pyc,external_pycycle_examples,5.5
Engine/__pycache__/Air.cpython-314.pyc,propulsion,0.2
Engine/__pycache__/airproperties.cpython-314.pyc,propulsion,0.2
Engine/__pycache__/ramjet_01.cpython-313.pyc,propulsion,77.0
Engine/__pycache__/ramjet_01.cpython-314.pyc,propulsion,83.6
Engine/__pycache__/scramjet_01.cpython-311.pyc,propulsion,91.3
Engine/__pycache__/scramjet_01.cpython-313.pyc,propulsion,80.1
Engine/__pycache__/scramjet_01.cpython-314.pyc,propulsion,86.7
.idea/inspectionProfiles/profiles_settings.xml,misc,0.2
.idea/inspectionProfiles/Project_Default.xml,misc,0.4
.ai/mcp/mcp.json,misc,0.0
